SOA_CODE,SOA_LABEL,FiveKBuff,TenKBuff,FiftKBuff,TwentKBuff,RestIre
95AA01S1,Aldergrove_1,0,0,0,0,1
95AA01S2,Aldergrove_2,0,0,0,0,1
95AA01S3,Aldergrove_3,0,0,0,0,1
95AA02W1,Balloo,0,0,0,0,1
95AA03W1,Ballycraigy,0,0,0,0,1
95AA04W1,Clady,0,0,0,0,1
95AA05W1,Cranfield,0,0,0,0,1
95AA06S1,Crumlin_1_Antrim,0,0,0,0,1
95AA06S2,Crumlin_2_Antrim,0,0,0,0,1
95AA07W1,Drumanaway,0,0,0,0,1
95AA08W1,Farranshane,0,0,0,0,1
95AA09W1,Fountain Hill,0,0,0,0,1
95AA10W1,Greystone_Antrim,0,0,0,0,1
95AA11S1,Massereene_1,0,0,0,0,1
95AA11S2,Massereene_2,0,0,0,0,1
95AA12W1,Parkgate,0,0,0,0,1
95AA13S1,Randalstown_1,0,0,0,0,1
95AA13S2,Randalstown_2,0,0,0,0,1
95AA14W1,Shilvodan,0,0,0,0,1
95AA15S1,Springfarm_1,0,0,0,0,1
95AA15S2,Springfarm_2,0,0,0,0,1
95AA16W1,Steeple,0,0,0,0,1
95AA17W1,Stiles,0,0,0,0,1
95AA18W1,Templepatrick,0,0,0,0,1
95AA19W1,Toome,0,0,0,0,1
95BB01S1,Ballygowan_1,0,0,0,0,1
95BB01S2,Ballygowan_2,0,0,0,0,1
95BB02W1,Ballyrainey,0,0,0,0,1
95BB03S1,Ballywalter_1,0,0,0,0,1
95BB03S2,Ballywalter_2,0,0,0,0,1
95BB04S1,Bradshaw's Brae_1,0,0,0,0,1
95BB04S2,Bradshaw's Brae_2,0,0,0,0,1
95BB05S1,Carrowdore_1,0,0,0,0,1
95BB05S2,Carrowdore_2,0,0,0,0,1
95BB06W1,Central_Ards,0,0,0,0,1
95BB07S1,Comber East_1,0,0,0,0,1
95BB07S2,Comber East_2,0,0,0,0,1
95BB08S1,Comber North_1,0,0,0,0,1
95BB08S2,Comber North_2,0,0,0,0,1
95BB09S1,Comber West_1,0,0,0,0,1
95BB09S2,Comber West_2,0,0,0,0,1
95BB10S1,Donaghadee North_1,0,0,0,0,1
95BB10S2,Donaghadee North_2,0,0,0,0,1
95BB11S1,Donaghadee South_1,0,0,0,0,1
95BB11S2,Donaghadee South_2,0,0,0,0,1
95BB12S1,Glen_1,0,0,0,0,1
95BB12S2,Glen_2,0,0,0,0,1
95BB13S1,Gregstown_1,0,0,0,0,1
95BB13S2,Gregstown_2,0,0,0,0,1
95BB13S3,Gregstown_3,0,0,0,0,1
95BB14S1,Killinchy_1,0,0,0,0,1
95BB14S2,Killinchy_2,0,0,0,0,1
95BB15S1,Kircubbin_1,0,0,0,0,1
95BB15S2,Kircubbin_2,0,0,0,0,1
95BB16S1,Lisbane_1,0,0,0,0,1
95BB16S2,Lisbane_2,0,0,0,0,1
95BB17S1,Loughries_1,0,0,0,0,1
95BB17S2,Loughries_2,0,0,0,0,1
95BB18S1,Millisle_1,0,0,0,0,1
95BB18S2,Millisle_2,0,0,0,0,1
95BB19S1,Movilla_1,0,0,0,0,1
95BB19S2,Movilla_2,0,0,0,0,1
95BB19S3,Movilla_3,0,0,0,0,1
95BB20S1,Portaferry_1,0,0,0,0,1
95BB20S2,Portaferry_2,0,0,0,0,1
95BB21S1,Portavogie_1,0,0,0,0,1
95BB21S2,Portavogie_2,0,0,0,0,1
95BB22S1,Scrabo_1,0,0,0,0,1
95BB22S2,Scrabo_2,0,0,0,0,1
95BB23S1,Whitespots_1,0,0,0,0,1
95BB23S2,Whitespots_2,0,0,0,0,1
95CC01W1,Abbey Park,0,0,1,0,0
95CC02W1,Ballymartrim,1,0,0,0,0
95CC03W1,Callan Bridge,0,0,1,0,0
95CC04W1,Carrigatuke,1,0,0,0,0
95CC05W1,Charlemont,0,0,1,0,0
95CC06S1,Demesne_1,0,0,1,0,0
95CC06S2,Demesne_2,0,0,1,0,0
95CC07W1,Derrynoose,1,0,0,0,0
95CC08W1,Downs,0,0,1,0,0
95CC09S1,Hamiltonsbawn_1,0,0,1,0,0
95CC09S2,Hamiltonsbawn_2,0,0,0,1,0
95CC10W1,Hockley,0,0,0,1,0
95CC11W1,Keady,1,0,0,0,0
95CC12W1,Killeen,0,1,0,0,0
95CC13W1,Killylea,1,0,0,0,0
95CC14W1,Laurelvale,0,0,0,0,1
95CC15W1,Loughgall,0,0,0,1,0
95CC16W1,Markethill,0,1,0,0,0
95CC17W1,Milford,1,0,0,0,0
95CC18W1,Observatory,0,0,1,0,0
95CC19W1,Poyntz Pass,0,0,1,0,0
95CC20S1,Rich Hill_1,0,0,0,1,0
95CC20S2,Rich Hill_2,0,0,0,0,1
95CC21W1,Tandragee,0,0,0,0,1
95CC22W1,The Mall,0,0,1,0,0
95DD01W1,Academy,0,0,0,0,1
95DD02S1,Ahoghill_1,0,0,0,0,1
95DD02S2,Ahoghill_2,0,0,0,0,1
95DD03W1,Ardeevin,0,0,0,0,1
95DD04W1,Ballee,0,0,0,0,1
95DD05W1,Ballykeel,0,0,0,0,1
95DD06W1,Ballyloughan,0,0,0,0,1
95DD07S1,Broughshane_1,0,0,0,0,1
95DD07S2,Broughshane_2,0,0,0,0,1
95DD08W1,Castle Demesne,0,0,0,0,1
95DD09W1,Craigywarren,0,0,0,0,1
95DD10W1,Cullybackey,0,0,0,0,1
95DD11W1,Dunclug,0,0,0,0,1
95DD12W1,Dunminning,0,0,0,0,1
95DD13W1,Fair Green,0,0,0,0,1
95DD14S1,Galgorm_1,0,0,0,0,1
95DD14S2,Galgorm_2,0,0,0,0,1
95DD15W1,Glenravel,0,0,0,0,1
95DD16W1,Glenwhirry,0,0,0,0,1
95DD17W1,Grange,0,0,0,0,1
95DD18W1,Harryville,0,0,0,0,1
95DD19S1,Kells_1,0,0,0,0,1
95DD19S2,Kells_2,0,0,0,0,1
95DD20W1,Moat,0,0,0,0,1
95DD21W1,Park,0,0,0,0,1
95DD22S1,Portglenone_1,0,0,0,0,1
95DD22S2,Portglenone_2,0,0,0,0,1
95DD23W1,Slemish,0,0,0,0,1
95DD24W1,Summerfield,0,0,0,0,1
95EE01W1,Ballyhoe and Corkey,0,0,0,0,1
95EE02W1,Benvardin,0,0,0,0,1
95EE03W1,Carnany,0,0,0,0,1
95EE04W1,Clogh Mills,0,0,0,0,1
95EE05W1,Dervock,0,0,0,0,1
95EE06W1,Dunloy,0,0,0,0,1
95EE07W1,Fairhill,0,0,0,0,1
95EE08W1,Glebe,0,0,0,0,1
95EE09W1,Killoquin Lower,0,0,0,0,1
95EE10W1,Killoquin Upper,0,0,0,0,1
95EE11W1,Knockaholet,0,0,0,0,1
95EE12W1,Newhill,0,0,0,0,1
95EE13W1,Route,0,0,0,0,1
95EE14W1,Seacon,0,0,0,0,1
95EE15W1,Stranocum,0,0,0,0,1
95EE16W1,The Vow,0,0,0,0,1
95FF01S1,Ballydown_1,0,0,0,0,1
95FF01S2,Ballydown_2,0,0,0,0,1
95FF02W1,Ballyward,0,0,0,0,1
95FF03W1,Banbridge West,0,0,0,0,1
95FF04W1,Bannside,0,0,0,1,0
95FF05W1,Dromore North,0,0,0,0,1
95FF06S1,Dromore South_1,0,0,0,0,1
95FF06S2,Dromore South_2,0,0,0,0,1
95FF07W1,Edenderry,0,0,0,0,1
95FF08W1,Fort,0,0,0,0,1
95FF09W1,Gilford,0,0,0,0,1
95FF10W1,Gransha,0,0,0,0,1
95FF11W1,Katesbridge,0,0,0,1,0
95FF12W1,Lawrencetown,0,0,0,0,1
95FF13W1,Loughbrickland,0,0,0,1,0
95FF14W1,Quilly,0,0,0,0,1
95FF15W1,Rathfriland,0,0,1,0,0
95FF16W1,Seapatrick,0,0,0,0,1
95FF17W1,The Cut,0,0,0,0,1
95GG01S1,Andersonstown_1,0,0,0,0,1
95GG01S2,Andersonstown_2,0,0,0,0,1
95GG01S3,Andersonstown_3,0,0,0,0,1
95GG02S1,Ardoyne_1,0,0,0,0,1
95GG02S2,Ardoyne_2,0,0,0,0,1
95GG02S3,Ardoyne_3,0,0,0,0,1
95GG03S1,Ballyhackamore_1,0,0,0,0,1
95GG03S2,Ballyhackamore_2,0,0,0,0,1
95GG03S3,Ballyhackamore_3,0,0,0,0,1
95GG04S1,Ballymacarrett_1,0,0,0,0,1
95GG04S2,Ballymacarrett_2,0,0,0,0,1
95GG04S3,Ballymacarrett_3,0,0,0,0,1
95GG05S1,Ballynafeigh_1,0,0,0,0,1
95GG05S2,Ballynafeigh_2,0,0,0,0,1
95GG05S3,Ballynafeigh_3,0,0,0,0,1
95GG06S1,Ballysillan_1,0,0,0,0,1
95GG06S2,Ballysillan_2,0,0,0,0,1
95GG06S3,Ballysillan_3,0,0,0,0,1
95GG07S1,Beechmount_1,0,0,0,0,1
95GG07S2,Beechmount_2,0,0,0,0,1
95GG07S3,Beechmount_3,0,0,0,0,1
95GG08S1,Bellevue_1,0,0,0,0,1
95GG08S2,Bellevue_2,0,0,0,0,1
95GG08S3,Bellevue_3,0,0,0,0,1
95GG09S1,Belmont_1,0,0,0,0,1
95GG09S2,Belmont_2,0,0,0,0,1
95GG09S3,Belmont_3,0,0,0,0,1
95GG10S1,Blackstaff_1,0,0,0,0,1
95GG10S2,Blackstaff_2,0,0,0,0,1
95GG11S1,Bloomfield_1_Belfast,0,0,0,0,1
95GG11S2,Bloomfield_2_Belfast,0,0,0,0,1
95GG11S3,Bloomfield_3_Belfast,0,0,0,0,1
95GG12S1,Botanic_1,0,0,0,0,1
95GG12S2,Botanic_2,0,0,0,0,1
95GG12S3,Botanic_3,0,0,0,0,1
95GG12S4,Botanic_4,0,0,0,0,1
95GG12S5,Botanic_5,0,0,0,0,1
95GG13S1,Castleview_1,0,0,0,0,1
95GG13S2,Castleview_2,0,0,0,0,1
95GG13S3,Castleview_3,0,0,0,0,1
95GG14S1,Cavehill_1,0,0,0,0,1
95GG14S2,Cavehill_2,0,0,0,0,1
95GG14S3,Cavehill_3,0,0,0,0,1
95GG15S1,Cherryvalley_1,0,0,0,0,1
95GG15S2,Cherryvalley_2,0,0,0,0,1
95GG15S3,Cherryvalley_3,0,0,0,0,1
95GG16S1,Chichester Park_1,0,0,0,0,1
95GG16S2,Chichester Park_2,0,0,0,0,1
95GG16S3,Chichester Park_3,0,0,0,0,1
95GG17S1,Cliftonville_1,0,0,0,0,1
95GG17S2,Cliftonville_2,0,0,0,0,1
95GG17S3,Cliftonville_3,0,0,0,0,1
95GG18S1,Clonard_1,0,0,0,0,1
95GG18S2,Clonard_2,0,0,0,0,1
95GG19S1,Crumlin_1_Belfast,0,0,0,0,1
95GG19S2,Crumlin_2_Belfast,0,0,0,0,1
95GG20S1,Duncairn_1,0,0,0,0,1
95GG20S2,Duncairn_2,0,0,0,0,1
95GG21S1,Falls_1,0,0,0,0,1
95GG21S2,Falls_2,0,0,0,0,1
95GG21S3,Falls_3,0,0,0,0,1
95GG22S1,Falls Park_1,0,0,0,0,1
95GG22S2,Falls Park_2,0,0,0,0,1
95GG22S3,Falls Park_3,0,0,0,0,1
95GG23S1,Finaghy_1,0,0,0,0,1
95GG23S2,Finaghy_2,0,0,0,0,1
95GG23S3,Finaghy_3,0,0,0,0,1
95GG24S1,Fortwilliam_1,0,0,0,0,1
95GG24S2,Fortwilliam_2,0,0,0,0,1
95GG24S3,Fortwilliam_3,0,0,0,0,1
95GG25S1,Glen Road_1,0,0,0,0,1
95GG25S2,Glen Road_2,0,0,0,0,1
95GG25S3,Glen Road_3,0,0,0,0,1
95GG26S1,Glencairn_1,0,0,0,0,1
95GG26S2,Glencairn_2,0,0,0,0,1
95GG27S1,Glencolin_1,0,0,0,0,1
95GG27S2,Glencolin_2,0,0,0,0,1
95GG27S3,Glencolin_3,0,0,0,0,1
95GG27S4,Glencolin_4,0,0,0,0,1
95GG28S1,Highfield_1,0,0,0,0,1
95GG28S2,Highfield_2,0,0,0,0,1
95GG28S3,Highfield_3,0,0,0,0,1
95GG29S1,Island_1,0,0,0,0,1
95GG29S2,Island_2,0,0,0,0,1
95GG30S1,Knock_1,0,0,0,0,1
95GG30S2,Knock_2,0,0,0,0,1
95GG30S3,Knock_3,0,0,0,0,1
95GG31S1,Ladybrook_1,0,0,0,0,1
95GG31S2,Ladybrook_2,0,0,0,0,1
95GG31S3,Ladybrook_3,0,0,0,0,1
95GG32S1,Legoniel_1,0,0,0,0,1
95GG32S2,Legoniel_2,0,0,0,0,1
95GG32S3,Legoniel_3,0,0,0,0,1
95GG33S1,Malone_1,0,0,0,0,1
95GG33S2,Malone_2,0,0,0,0,1
95GG33S3,Malone_3,0,0,0,0,1
95GG34S1,Musgrave_1,0,0,0,0,1
95GG34S2,Musgrave_2,0,0,0,0,1
95GG34S3,Musgrave_3,0,0,0,0,1
95GG35S1,New Lodge_1,0,0,0,0,1
95GG35S2,New Lodge_2,0,0,0,0,1
95GG35S3,New Lodge_3,0,0,0,0,1
95GG36S1,Orangefield_1,0,0,0,0,1
95GG36S2,Orangefield_2,0,0,0,0,1
95GG36S3,Orangefield_3,0,0,0,0,1
95GG37S1,Ravenhill_1,0,0,0,0,1
95GG37S2,Ravenhill_2,0,0,0,0,1
95GG37S3,Ravenhill_3,0,0,0,0,1
95GG38S1,Rosetta_1,0,0,0,0,1
95GG38S2,Rosetta_2,0,0,0,0,1
95GG38S3,Rosetta_3,0,0,0,0,1
95GG39S1,Shaftesbury_1,0,0,0,0,1
95GG39S2,Shaftesbury_2,0,0,0,0,1
95GG39S3,Shaftesbury_3,0,0,0,0,1
95GG40S1,Shankill_1,0,0,0,0,1
95GG40S2,Shankill_2,0,0,0,0,1
95GG41S1,Stormont_1,0,0,0,0,1
95GG41S2,Stormont_2,0,0,0,0,1
95GG41S3,Stormont_3,0,0,0,0,1
95GG42S1,Stranmillis_1,0,0,0,0,1
95GG42S2,Stranmillis_2,0,0,0,0,1
95GG42S3,Stranmillis_3,0,0,0,0,1
95GG42S4,Stranmillis_4,0,0,0,0,1
95GG43S1,Sydenham_1,0,0,0,0,1
95GG43S2,Sydenham_2,0,0,0,0,1
95GG43S3,Sydenham_3,0,0,0,0,1
95GG44S1,The Mount_1,0,0,0,0,1
95GG44S2,The Mount_2,0,0,0,0,1
95GG45S1,Upper Malone_1,0,0,0,0,1
95GG45S2,Upper Malone_2,0,0,0,0,1
95GG45S3,Upper Malone_3,0,0,0,0,1
95GG46S1,Upper Springfield_1,0,0,0,0,1
95GG46S2,Upper Springfield_2,0,0,0,0,1
95GG46S3,Upper Springfield_3,0,0,0,0,1
95GG47S1,Water Works_1,0,0,0,0,1
95GG47S2,Water Works_2,0,0,0,0,1
95GG47S3,Water Works_3,0,0,0,0,1
95GG48S1,Whiterock_1,0,0,0,0,1
95GG48S2,Whiterock_2,0,0,0,0,1
95GG48S3,Whiterock_3,0,0,0,0,1
95GG49S1,Windsor_1,0,0,0,0,1
95GG49S2,Windsor_2,0,0,0,0,1
95GG49S3,Windsor_3,0,0,0,0,1
95GG49S4,Windsor_4,0,0,0,0,1
95GG50S1,Woodstock_1,0,0,0,0,1
95GG50S2,Woodstock_2,0,0,0,0,1
95GG50S3,Woodstock_3,0,0,0,0,1
95GG51S1,Woodvale_1,0,0,0,0,1
95GG51S2,Woodvale_2,0,0,0,0,1
95GG51S3,Woodvale_3,0,0,0,0,1
95HH01W1,Blackhead,0,0,0,0,1
95HH02S1,Bluefield_1,0,0,0,0,1
95HH02S2,Bluefield_2,0,0,0,0,1
95HH03W1,Boneybefore,0,0,0,0,1
95HH04S1,Burleigh Hill_1,0,0,0,0,1
95HH04S2,Burleigh Hill_2,0,0,0,0,1
95HH05W1,Clipperstown,0,0,0,0,1
95HH06S1,Eden_1,0,0,0,0,1
95HH06S2,Eden_2,0,0,0,0,1
95HH07W1,Gortalee,0,0,0,0,1
95HH08W1,Greenisland,0,0,0,0,1
95HH09W1,Killycrot,0,0,0,0,1
95HH10W1,Knockagh,0,0,0,0,1
95HH11W1,Love Lane,0,0,0,0,1
95HH12W1,Milebush,0,0,0,0,1
95HH13W1,Northland,0,0,0,0,1
95HH14W1,Sunnylands,0,0,0,0,1
95HH15W1,Victoria_Carrickfergus,0,0,0,0,1
95HH16W1,Whitehead,0,0,0,0,1
95HH17W1,Woodburn,0,0,0,0,1
95II01S1,Ballyhanwood_1,0,0,0,0,1
95II01S2,Ballyhanwood_2,0,0,0,0,1
95II02S1,Beechill_1,0,0,0,0,1
95II02S2,Beechill_2,0,0,0,0,1
95II02S3,Beechill_3,0,0,0,0,1
95II03S1,Cairnshill_1,0,0,0,0,1
95II03S2,Cairnshill_2,0,0,0,0,1
95II04S1,Carrowreagh_1,0,0,0,0,1
95II04S2,Carrowreagh_2,0,0,0,0,1
95II05S1,Carryduff East_1,0,0,0,0,1
95II05S2,Carryduff East_2,0,0,0,0,1
95II06S1,Carryduff West_1,0,0,0,0,1
95II06S2,Carryduff West_2,0,0,0,0,1
95II07W1,Cregagh,0,0,0,0,1
95II08W1,Downshire,0,0,0,0,1
95II09S1,Dundonald_1,0,0,0,0,1
95II09S2,Dundonald_2,0,0,0,0,1
95II10W1,Enler,0,0,0,0,1
95II11W1,Galwally,0,0,0,0,1
95II12W1,Gilnahirk,0,0,0,0,1
95II13W1,Graham's Bridge,0,0,0,0,1
95II14W1,Hillfoot,0,0,0,0,1
95II15S1,Knockbracken_1,0,0,0,0,1
95II15S2,Knockbracken_2,0,0,0,0,1
95II16W1,Lisnasharragh,0,0,0,0,1
95II17W1,Lower Braniel,0,0,0,0,1
95II18W1,Minnowburn,0,0,0,0,1
95II19S1,Moneyreagh_1,0,0,0,0,1
95II19S2,Moneyreagh_2,0,0,0,0,1
95II20W1,Newtownbreda,0,0,0,0,1
95II21W1,Tullycarnet,0,0,0,0,1
95II22W1,Upper Braniel,0,0,0,0,1
95II23W1,Wynchurch,0,0,0,0,1
95JJ01W1,Agivey,0,0,0,0,1
95JJ02W1,Atlantic,0,0,0,0,1
95JJ03S1,Ballysally_1,0,0,0,0,1
95JJ03S2,Ballysally_2,0,0,0,0,1
95JJ04S1,Castlerock_1,0,0,0,0,1
95JJ04S2,Castlerock_2,0,0,0,0,1
95JJ05W1,Central_Coleraine,0,0,0,0,1
95JJ06W1,Churchland,0,0,0,0,1
95JJ07W1,Cross Glebe,0,0,0,0,1
95JJ08S1,Dundooan_1,0,0,0,0,1
95JJ08S2,Dundooan_2,0,0,0,0,1
95JJ09W1,Dunluce,0,0,0,0,1
95JJ10W1,Garvagh,0,0,0,0,1
95JJ11S1,Hopefield_1,0,0,0,0,1
95JJ11S2,Hopefield_2,0,0,0,0,1
95JJ12W1,Kilrea,0,0,0,0,1
95JJ13S1,Knocklynn_1,0,0,0,0,1
95JJ13S2,Knocklynn_2,0,0,0,0,1
95JJ14W1,Macosquin,0,0,0,0,1
95JJ15W1,Mount Sandel,0,0,0,0,1
95JJ16W1,Portstewart,0,0,0,0,1
95JJ17W1,Ringsend,0,0,0,0,1
95JJ18W1,Royal Portrush,0,0,0,0,1
95JJ19S1,Strand_1_Coleraine,0,0,0,0,1
95JJ19S2,Strand_2_Coleraine,0,0,0,0,1
95JJ20S1,The Cuts_1,0,0,0,0,1
95JJ20S2,The Cuts_2,0,0,0,0,1
95JJ21W1,University,0,0,0,0,1
95JJ22W1,Waterside,0,0,0,0,1
95KK01W1,Ardboe,0,0,0,0,1
95KK02W1,Coagh,0,0,0,0,1
95KK03W1,Dunnamore,0,0,0,0,1
95KK04W1,Gortalowry,0,0,0,0,1
95KK05W1,Killycolpy,0,0,0,0,1
95KK06W1,Killymoon,0,0,0,0,1
95KK07W1,Lissan,0,0,0,0,1
95KK08W1,Moneymore,0,0,0,0,1
95KK09W1,Newbuildings,0,0,0,0,1
95KK10W1,Oaklands,0,0,0,0,1
95KK11W1,Oldtown,0,0,0,0,1
95KK12W1,Pomeroy,0,0,0,1,0
95KK13W1,Sandholes,0,0,0,0,1
95KK14W1,Stewartstown,0,0,0,0,1
95KK15W1,The Loop,0,0,0,0,1
95KK16W1,Tullagh,0,0,0,0,1
95LL01S1,Aghagallon_1,0,0,0,0,1
95LL01S2,Aghagallon_2,0,0,0,0,1
95LL02S1,Annagh_1,0,0,0,0,1
95LL02S2,Annagh_2,0,0,0,0,1
95LL03W1,Ballybay,0,0,0,0,1
95LL04W1,Ballyoran,0,0,0,0,1
95LL05S1,Bleary_1,0,0,0,0,1
95LL05S2,Bleary_2,0,0,0,0,1
95LL06S1,Brownstown_1,0,0,0,0,1
95LL06S2,Brownstown_2,0,0,0,0,1
95LL07W1,Church,0,0,0,0,1
95LL08S1,Corcrain_1,0,0,0,0,1
95LL08S2,Corcrain_2,0,0,0,0,1
95LL09S1,Court_1,0,0,0,0,1
95LL09S2,Court_2,0,0,0,0,1
95LL10S1,Derrytrasna_1,0,0,0,0,1
95LL10S2,Derrytrasna_2,0,0,0,0,1
95LL11S1,Donaghcloney_1,0,0,0,0,1
95LL11S2,Donaghcloney_2,0,0,0,0,1
95LL12S1,Drumgask_1,0,0,0,0,1
95LL12S2,Drumgask_2,0,0,0,0,1
95LL13S1,Drumgor_1,0,0,0,0,1
95LL13S2,Drumgor_2,0,0,0,0,1
95LL14S1,Drumnamoe_1,0,0,0,0,1
95LL14S2,Drumnamoe_2,0,0,0,0,1
95LL15S1,Edenderry_1,0,0,0,0,1
95LL15S2,Edenderry_2,0,0,0,0,1
95LL16S1,Kernan_1,0,0,0,0,1
95LL16S2,Kernan_2,0,0,0,0,1
95LL17W1,Killycomain,0,0,0,0,1
95LL18S1,Knocknashane_1,0,0,0,0,1
95LL18S2,Knocknashane_2,0,0,0,0,1
95LL19S1,Magheralin_1,0,0,0,0,1
95LL19S2,Magheralin_2,0,0,0,0,1
95LL20W1,Mourneview,0,0,0,0,1
95LL21W1,Parklake,0,0,0,0,1
95LL22W1,Taghnevan,0,0,0,0,1
95LL23W1,Tavanagh,0,0,0,0,1
95LL24S1,The Birches_1,0,0,0,0,1
95LL24S2,The Birches_2,0,0,0,0,1
95LL25S1,Waringstown_1,0,0,0,0,1
95LL25S2,Waringstown_2,0,0,0,0,1
95LL26S1,Woodville_1,0,0,0,0,1
95LL26S2,Woodville_2,0,0,0,0,1
95MM01S1,Altnagelvin_1,0,1,0,0,0
95MM01S2,Altnagelvin_2,0,1,0,0,0
95MM01S3,Altnagelvin_3,0,1,0,0,0
95MM02S1,Ballynashallog_1,1,0,0,0,0
95MM02S2,Ballynashallog_2,1,0,0,0,0
95MM03W1,Banagher,0,1,0,0,0
95MM04W1,Beechwood,1,0,0,0,0
95MM05W1,Brandywell,1,0,0,0,0
95MM06S1,Carn Hill_1,1,0,0,0,0
95MM06S2,Carn Hill_2,1,0,0,0,0
95MM07W1,Caw,1,0,0,0,0
95MM08S1,Clondermot_1,0,1,0,0,0
95MM08S2,Clondermot_2,0,1,0,0,0
95MM09S1,Claudy_1,0,0,1,0,0
95MM09S2,Claudy_2,0,1,0,0,0
95MM10S1,Creggan Central_1,1,0,0,0,0
95MM10S2,Creggan Central_2,1,0,0,0,0
95MM11W1,Creggan South,1,0,0,0,0
95MM12S1,Crevagh_1,1,0,0,0,0
95MM12S2,Crevagh_2,1,0,0,0,0
95MM12S3,Crevagh_3,1,0,0,0,0
95MM13S1,Culmore_1,1,0,0,0,0
95MM13S2,Culmore_2,1,0,0,0,0
95MM13S3,Culmore_3,1,0,0,0,0
95MM13S4,Culmore_4,1,0,0,0,0
95MM13S5,Culmore_5,1,0,0,0,0
95MM14S1,Ebrington_1,1,0,0,0,0
95MM14S2,Ebrington_2,1,0,0,0,0
95MM15S1,Eglinton_1,1,0,0,0,0
95MM15S2,Eglinton_2,0,1,0,0,0
95MM16S1,Enagh_1_Derry,1,0,0,0,0
95MM16S2,Enagh_2_Derry,1,0,0,0,0
95MM17S1,Foyle Springs_1,1,0,0,0,0
95MM17S2,Foyle Springs_2,1,0,0,0,0
95MM18S1,Holly Mount_1,1,0,0,0,0
95MM18S2,Holly Mount_2,1,0,0,0,0
95MM19S1,Kilfennan_1,0,1,0,0,0
95MM19S2,Kilfennan_2,0,1,0,0,0
95MM20S1,Lisnagelvin_1,0,1,0,0,0
95MM20S2,Lisnagelvin_2,0,1,0,0,0
95MM21S1,New Buildings_1,1,0,0,0,0
95MM21S2,New Buildings_2,1,0,0,0,0
95MM22S1,Pennyburn_1,1,0,0,0,0
95MM22S2,Pennyburn_2,1,0,0,0,0
95MM23W1,Rosemount,1,0,0,0,0
95MM24W1,Shantallow East,1,0,0,0,0
95MM25S1,Shantallow West_1,1,0,0,0,0
95MM25S2,Shantallow West_2,1,0,0,0,0
95MM25S3,Shantallow West_3,1,0,0,0,0
95MM25S4,Shantallow West_4,1,0,0,0,0
95MM26S1,Springtown_1,1,0,0,0,0
95MM26S2,Springtown_2,1,0,0,0,0
95MM27S1,Strand_1_Derry,1,0,0,0,0
95MM27S2,Strand_2_Derry,1,0,0,0,0
95MM28W1,The Diamond,1,0,0,0,0
95MM29W1,Victoria_Derry,1,0,0,0,0
95MM30W1,Westland,1,0,0,0,0
95NN01S1,Ardglass_1,0,0,0,0,1
95NN01S2,Ardglass_2,0,0,0,0,1
95NN02W1,Audley's Acre,0,0,0,0,1
95NN03S1,Ballymaglave_1,0,0,0,0,1
95NN03S2,Ballymaglave_2,0,0,0,0,1
95NN04W1,Ballymote,0,0,0,0,1
95NN05W1,Ballynahinch East,0,0,0,0,1
95NN06S1,Castlewellan_1,0,0,0,0,1
95NN06S2,Castlewellan_2,0,0,0,0,1
95NN07S1,Cathedral_1,0,0,0,0,1
95NN07S2,Cathedral_2,0,0,0,0,1
95NN08S1,Crossgar_1,0,0,0,0,1
95NN08S2,Crossgar_2,0,0,0,0,1
95NN09S1,Derryboy_1,0,0,0,0,1
95NN09S2,Derryboy_2,0,0,0,0,1
95NN10S1,Donard_1,0,0,0,0,1
95NN10S2,Donard_2,0,0,0,0,1
95NN11S1,Drumaness_1,0,0,0,0,1
95NN11S2,Drumaness_2,0,0,0,0,1
95NN12W1,Dundrum,0,0,0,0,1
95NN13W1,Dunmore,0,0,0,0,1
95NN14S1,Killough_1,0,0,0,0,1
95NN14S2,Killough_2,0,0,0,0,1
95NN15W1,Killyleagh,0,0,0,0,1
95NN16S1,Kilmore_1,0,0,0,0,1
95NN16S2,Kilmore_2,0,0,0,0,1
95NN17W1,Murlough,0,0,0,0,1
95NN18S1,Quoile_1,0,0,0,0,1
95NN18S2,Quoile_2,0,0,0,0,1
95NN19S1,Saintfield_1,0,0,0,0,1
95NN19S2,Saintfield_2,0,0,0,0,1
95NN20W1,Seaforde,0,0,0,0,1
95NN21W1,Shimna,0,0,0,0,1
95NN22W1,Strangford,0,0,0,0,1
95NN23S1,Tollymore_1,0,0,0,1,0
95NN23S2,Tollymore_2,0,0,0,0,1
95OO01W1,Altmore,0,0,1,0,0
95OO02W1,Augher,1,0,0,0,0
95OO03W1,Aughnacloy,1,0,0,0,0
95OO04W1,Ballygawley,1,0,0,0,0
95OO05W1,Ballysaggart,0,0,1,0,0
95OO06W1,Benburb,0,1,0,0,0
95OO07W1,Caledon,1,0,0,0,0
95OO08W1,Castlecaulfield,0,1,0,0,0
95OO09W1,Clogher,1,0,0,0,0
95OO10W1,Coalisland North,0,0,0,0,1
95OO11W1,Coalisland South,0,0,0,1,0
95OO12W1,Coalisland West and Newmills,0,0,0,0,1
95OO13W1,Coolhill,0,0,0,1,0
95OO14W1,Donaghmore,0,0,0,1,0
95OO15W1,Drumglass,0,0,0,1,0
95OO16W1,Fivemiletown,1,0,0,0,0
95OO17W1,Killyman,0,0,0,1,0
95OO18W1,Killymeal,0,0,0,1,0
95OO19W1,Moy,0,0,1,0,0
95OO20W1,Moygashel,0,0,1,0,0
95OO21W1,Mullaghmore,0,0,0,1,0
95OO22W1,Washing Bay,0,0,0,0,1
95PP01W1,Ballinamallard,0,0,0,1,0
95PP02W1,Belcoo and Garrison,1,0,0,0,0
95PP03W1,Belleek and Boa,1,0,0,0,0
95PP04W1,Boho Cleenish and Letterbreen,1,0,0,0,0
95PP05W1,Brookeborough,1,0,0,0,0
95PP06S1,Castlecoole_1,0,0,0,1,0
95PP06S2,Castlecoole_2,0,0,1,0,0
95PP07W1,Derrygonnelly,1,0,0,0,0
95PP08W1,Derrylin,1,0,0,0,0
95PP09W1,Devenish,0,0,0,1,0
95PP10W1,Donagh,1,0,0,0,0
95PP11W1,Erne,0,0,0,1,0
95PP12W1,Florence Court and Kinawley,1,0,0,0,0
95PP13W1,Irvinestown,0,0,1,0,0
95PP14S1,Kesh Ederney and Lack_1,0,1,0,0,0
95PP14S2,Kesh Ederney and Lack_2,1,0,0,0,0
95PP15W1,Lisbellaw,0,0,1,0,0
95PP16W1,Lisnarrick,0,1,0,0,0
95PP17W1,Lisnaskea,0,1,0,0,0
95PP18W1,Maguires Bridge,0,1,0,0,0
95PP19W1,Newtownbutler,1,0,0,0,0
95PP20W1,Portora,0,0,1,0,0
95PP21W1,Rosslea,1,0,0,0,0
95PP22W1,Rossorry,0,0,1,0,0
95PP23W1,Tempo,0,0,1,0,0
95QQ01W1,Antiville,0,0,0,0,1
95QQ02W1,Ballycarry,0,0,0,0,1
95QQ03W1,Ballyloran,0,0,0,0,1
95QQ04W1,Blackcave,0,0,0,0,1
95QQ05W1,Carncastle,0,0,0,0,1
95QQ06W1,Carnlough,0,0,0,0,1
95QQ07W1,Central_Larne,0,0,0,0,1
95QQ08W1,Craigy Hill,0,0,0,0,1
95QQ09W1,Gardenmore,0,0,0,0,1
95QQ10W1,Glenarm,0,0,0,0,1
95QQ11W1,Glynn,0,0,0,0,1
95QQ12W1,Harbour,0,0,0,0,1
95QQ13W1,Island Magee,0,0,0,0,1
95QQ14S1,Kilwaughter_1,0,0,0,0,1
95QQ14S2,Kilwaughter_2,0,0,0,0,1
95QQ15W1,Town Parks,0,0,0,0,1
95RR01S1,Aghanloo_1,0,0,0,0,1
95RR01S2,Aghanloo_2,0,0,0,1,0
95RR02W1,Ballykelly,0,0,1,0,0
95RR03W1,Coolessan,0,0,0,1,0
95RR04W1,Dungiven,0,0,0,0,1
95RR05S1,Enagh_1_Limavady,0,0,0,0,1
95RR05S2,Enagh_2_Limavady,0,0,0,0,1
95RR06W1,Feeny,0,0,0,1,0
95RR07W1,Forest,0,0,0,0,1
95RR08W1,Glack,0,0,1,0,0
95RR09S1,Gresteel_1,0,1,0,0,0
95RR09S2,Gresteel_2,0,0,1,0,0
95RR10W1,Greystone_Limavady,0,0,0,0,1
95RR11W1,Magilligan,0,0,0,1,0
95RR12W1,Rathbrady,0,0,0,0,1
95RR13W1,Roeside,0,0,0,1,0
95RR14W1,The Highlands,0,0,0,1,0
95RR15W1,Upper Glenshane,0,0,0,0,1
95SS01S1,Ballinderry_1,0,0,0,0,1
95SS01S2,Ballinderry_2,0,0,0,0,1
95SS02S1,Ballymacash_1,0,0,0,0,1
95SS02S2,Ballymacash_2,0,0,0,0,1
95SS03S1,Ballymacbrennan_1,0,0,0,0,1
95SS03S2,Ballymacbrennan_2,0,0,0,0,1
95SS04S1,Ballymacoss_1,0,0,0,0,1
95SS04S2,Ballymacoss_2,0,0,0,0,1
95SS04S3,Ballymacoss_3,0,0,0,0,1
95SS05S1,Blaris_1,0,0,0,0,1
95SS05S2,Blaris_2,0,0,0,0,1
95SS06S1,Collin Glen_1,0,0,0,0,1
95SS06S2,Collin Glen_2,0,0,0,0,1
95SS06S3,Collin Glen_3,0,0,0,0,1
95SS07S1,Derryaghy_1,0,0,0,0,1
95SS07S2,Derryaghy_2,0,0,0,0,1
95SS07S3,Derryaghy_3,0,0,0,0,1
95SS08S1,Dromara_1,0,0,0,0,1
95SS08S2,Dromara_2,0,0,0,0,1
95SS09S1,Drumbo_1,0,0,0,0,1
95SS09S2,Drumbo_2,0,0,0,0,1
95SS10S1,Dunmurry_1,0,0,0,0,1
95SS10S2,Dunmurry_2,0,0,0,0,1
95SS11S1,Glenavy_1,0,0,0,0,1
95SS11S2,Glenavy_2,0,0,0,0,1
95SS12W1,Harmony Hill,0,0,0,0,1
95SS13S1,Hilden_1,0,0,0,0,1
95SS13S2,Hilden_2,0,0,0,0,1
95SS14S1,Hillhall_1,0,0,0,0,1
95SS14S2,Hillhall_2,0,0,0,0,1
95SS15S1,Hillsborough_1,0,0,0,0,1
95SS15S2,Hillsborough_2,0,0,0,0,1
95SS16S1,Kilwee_1,0,0,0,0,1
95SS16S2,Kilwee_2,0,0,0,0,1
95SS17S1,Knockmore_1,0,0,0,0,1
95SS17S2,Knockmore_2,0,0,0,0,1
95SS18S1,Lagan Valley_1,0,0,0,0,1
95SS18S2,Lagan Valley_2,0,0,0,0,1
95SS19S1,Lambeg_1,0,0,0,0,1
95SS19S2,Lambeg_2,0,0,0,0,1
95SS20W1,Lisnagarvey,0,0,0,0,1
95SS21S1,Maghaberry_1,0,0,0,0,1
95SS21S2,Maghaberry_2,0,0,0,0,1
95SS22S1,Magheralave_1,0,0,0,0,1
95SS22S2,Magheralave_2,0,0,0,0,1
95SS23S1,Maze_1,0,0,0,0,1
95SS23S2,Maze_2,0,0,0,0,1
95SS24S1,Moira_1,0,0,0,0,1
95SS24S2,Moira_2,0,0,0,0,1
95SS25W1,Old Warren,0,0,0,0,1
95SS26S1,Poleglass_1,0,0,0,0,1
95SS26S2,Poleglass_2,0,0,0,0,1
95SS27W1,Seymour Hill,0,0,0,0,1
95SS28W1,Tonagh,0,0,0,0,1
95SS29S1,Twinbrook_1,0,0,0,0,1
95SS29S2,Twinbrook_2,0,0,0,0,1
95SS30S1,Wallace Park_1,0,0,0,0,1
95SS30S2,Wallace Park_2,0,0,0,0,1
95TT01W1,Ballymaguigan,0,0,0,0,1
95TT02W1,Bellaghy,0,0,0,0,1
95TT03S1,Castledawson_1,0,0,0,0,1
95TT03S2,Castledawson_2,0,0,0,0,1
95TT04W1,Draperstown,0,0,0,0,1
95TT05S1,Glebe_1_Magherafelt,0,0,0,0,1
95TT05S2,Glebe_2_Magherafelt,0,0,0,0,1
95TT06W1,Gulladuff,0,0,0,0,1
95TT07W1,Knockcloghrim,0,0,0,0,1
95TT08W1,Lecumpher,0,0,0,0,1
95TT09S1,Lower Glenshane_1,0,0,0,0,1
95TT09S2,Lower Glenshane_2,0,0,0,0,1
95TT10W1,Maghera,0,0,0,0,1
95TT11S1,Swatragh_1,0,0,0,0,1
95TT11S2,Swatragh_2,0,0,0,0,1
95TT12W1,Tobermore,0,0,0,0,1
95TT13S1,Town Parks East_1,0,0,0,0,1
95TT13S2,Town Parks East_2,0,0,0,0,1
95TT14W1,Town Parks West,0,0,0,0,1
95TT15W1,Upperlands,0,0,0,0,1
95TT16W1,Valley,0,0,0,0,1
95UU06W1,Dalriada,0,0,0,0,1
95UU09W1,Glenariff,0,0,0,0,1
95UU14W1,Knocklayd,0,0,0,0,1
95UU99C1,Armoy_&_Moss-side and Moyarget,0,0,0,0,1
95UU99C2,Ballylough_&_Bushmills,0,0,0,0,1
95UU99C3,Bonamargy and Rathlin_&_Glenshesk,0,0,0,0,1
95UU99C4,Carnmoon_&_Dunseverick,0,0,0,0,1
95UU99C5,Glenaan_&_Glendun,0,0,0,0,1
95UU99C6,Glentaisie_&_Kinbane,0,0,0,0,1
95VV01S1,Annalong_1,0,0,0,0,1
95VV01S2,Annalong_2,0,0,0,0,1
95VV02W1,Ballybot,0,1,0,0,0
95VV03W1,Bessbrook,0,1,0,0,0
95VV04W1,Binnian,0,0,0,1,0
95VV05S1,Burren and Kilbroney_1,1,0,0,0,0
95VV05S2,Burren and Kilbroney_2,1,0,0,0,0
95VV06W1,Camlough,1,0,0,0,0
95VV07S1,Clonallan_1,1,0,0,0,0
95VV07S2,Clonallan_2,1,0,0,0,0
95VV08W1,Creggan,1,0,0,0,0
95VV09W1,Crossmaglen,1,0,0,0,0
95VV10S1,Daisy hill_1,0,1,0,0,0
95VV10S2,Daisy hill_2,0,1,0,0,0
95VV11S1,Derryleckagh_1,1,0,0,0,0
95VV11S2,Derryleckagh_2,0,1,0,0,0
95VV12S1,Derrymore_1,0,1,0,0,0
95VV12S2,Derrymore_2,0,1,0,0,0
95VV13S1,Donaghmore_1,0,1,0,0,0
95VV13S2,Donaghmore_2,0,1,0,0,0
95VV14S1,Drumalane_1,1,0,0,0,0
95VV14S2,Drumalane_2,0,1,0,0,0
95VV15S1,Drumgullion_1,0,1,0,0,0
95VV15S2,Drumgullion_2,0,1,0,0,0
95VV16W1,Fathom,1,0,0,0,0
95VV17S1,Forkhill_1,1,0,0,0,0
95VV17S2,Forkhill_2,1,0,0,0,0
95VV18S1,Kilkeel Central_1,0,0,0,1,0
95VV18S2,Kilkeel Central_2,0,0,0,1,0
95VV19S1,Kilkeel South_1,0,0,0,1,0
95VV19S2,Kilkeel South_2,0,0,0,1,0
95VV20W1,Lisnacree,0,1,0,0,0
95VV21S1,Mayobridge_1,0,1,0,0,0
95VV21S2,Mayobridge_2,1,0,0,0,0
95VV22W1,Newtownhamilton,1,0,0,0,0
95VV23W1,Rostrevor,1,0,0,0,0
95VV24S1,Seaview_1,1,0,0,0,0
95VV24S2,Seaview_2,1,0,0,0,0
95VV25S1,Silver Bridge_1,1,0,0,0,0
95VV25S2,Silver Bridge_2,1,0,0,0,0
95VV26W1,Spelga,0,1,0,0,0
95VV27W1,St Mary's,1,0,0,0,0
95VV28S1,St Patrick's_1,0,1,0,0,0
95VV28S2,St Patrick's_2,0,1,0,0,0
95VV29W1,Tullyhappy,0,1,0,0,0
95VV30S1,Windsor Hill_1,0,1,0,0,0
95VV30S2,Windsor Hill_2,0,1,0,0,0
95WW01S1,Abbey_1,0,0,0,0,1
95WW01S2,Abbey_2,0,0,0,0,1
95WW02S1,Ballyclare North_1,0,0,0,0,1
95WW02S2,Ballyclare North_2,0,0,0,0,1
95WW03S1,Ballyclare South_1,0,0,0,0,1
95WW03S2,Ballyclare South_2,0,0,0,0,1
95WW04S1,Ballyduff_1,0,0,0,0,1
95WW04S2,Ballyduff_2,0,0,0,0,1
95WW05S1,Ballyhenry_1,0,0,0,0,1
95WW05S2,Ballyhenry_2,0,0,0,0,1
95WW06S1,Ballynure_1,0,0,0,0,1
95WW06S2,Ballynure_2,0,0,0,0,1
95WW07S1,Ballyrobert_1,0,0,0,0,1
95WW07S2,Ballyrobert_2,0,0,0,0,1
95WW08S1,Burnthill_1,0,0,0,0,1
95WW08S2,Burnthill_2,0,0,0,0,1
95WW09S1,Carnmoney_1,0,0,0,0,1
95WW09S2,Carnmoney_2,0,0,0,0,1
95WW10S1,Cloughfern_1,0,0,0,0,1
95WW10S2,Cloughfern_2,0,0,0,0,1
95WW11S1,Collinbridge_1,0,0,0,0,1
95WW11S2,Collinbridge_2,0,0,0,0,1
95WW12W1,Coole,0,0,0,0,1
95WW13S1,Doagh_1,0,0,0,0,1
95WW13S2,Doagh_2,0,0,0,0,1
95WW14W1,Dunanney,0,0,0,0,1
95WW15S1,Glebe_1_Newtownabbey,0,0,0,0,1
95WW15S2,Glebe_2_Newtownabbey,0,0,0,0,1
95WW16S1,Glengormley_1,0,0,0,0,1
95WW16S2,Glengormley_2,0,0,0,0,1
95WW17W1,Hawthorne,0,0,0,0,1
95WW18W1,Hightown,0,0,0,0,1
95WW19S1,Jordanstown_1,0,0,0,0,1
95WW19S2,Jordanstown_2,0,0,0,0,1
95WW19S3,Jordanstown_3,0,0,0,0,1
95WW20S1,Mallusk_1,0,0,0,0,1
95WW20S2,Mallusk_2,0,0,0,0,1
95WW20S3,Mallusk_3,0,0,0,0,1
95WW21S1,Monkstown_1,0,0,0,0,1
95WW21S2,Monkstown_2,0,0,0,0,1
95WW22S1,Mossley_1,0,0,0,0,1
95WW22S2,Mossley_2,0,0,0,0,1
95WW23S1,Rostulla_1,0,0,0,0,1
95WW23S2,Rostulla_2,0,0,0,0,1
95WW24S1,Valley_1,0,0,0,0,1
95WW24S2,Valley_2,0,0,0,0,1
95WW25W1,Whitehouse,0,0,0,0,1
95XX01S1,Ballycrochan_1,0,0,0,0,1
95XX01S2,Ballycrochan_2,0,0,0,0,1
95XX01S3,Ballycrochan_3,0,0,0,0,1
95XX02W1,Ballyholme,0,0,0,0,1
95XX03S1,Ballymaconnell_1,0,0,0,0,1
95XX03S2,Ballymaconnell_2,0,0,0,0,1
95XX04S1,Ballymagee_1,0,0,0,0,1
95XX04S2,Ballymagee_2,0,0,0,0,1
95XX05W1,Bangor Castle,0,0,0,0,1
95XX06S1,Bloomfield_1_NorthDown,0,0,0,0,1
95XX06S2,Bloomfield_2_NorthDown,0,0,0,0,1
95XX07S1,Broadway_1,0,0,0,0,1
95XX07S2,Broadway_2,0,0,0,0,1
95XX08S1,Bryansburn_1,0,0,0,0,1
95XX08S2,Bryansburn_2,0,0,0,0,1
95XX09S1,Churchill_1,0,0,0,0,1
95XX09S2,Churchill_2,0,0,0,0,1
95XX10S1,Clandeboye_1,0,0,0,0,1
95XX10S2,Clandeboye_2,0,0,0,0,1
95XX10S3,Clandeboye_3,0,0,0,0,1
95XX11S1,Conlig_1,0,0,0,0,1
95XX11S2,Conlig_2,0,0,0,0,1
95XX11S3,Conlig_3,0,0,0,0,1
95XX12W1,Craigavad,0,0,0,0,1
95XX13W1,Crawfordsburn,0,0,0,0,1
95XX14W1,Cultra,0,0,0,0,1
95XX15W1,Dufferin,0,0,0,0,1
95XX16W1,Groomsport,0,0,0,0,1
95XX17S1,Harbour_1,0,0,0,0,1
95XX17S2,Harbour_2,0,0,0,0,1
95XX18W1,Holywood Demesne,0,0,0,0,1
95XX19W1,Holywood Priory,0,0,0,0,1
95XX20S1,Loughview_1,0,0,0,0,1
95XX20S2,Loughview_2,0,0,0,0,1
95XX21W1,Princetown,0,0,0,0,1
95XX22W1,Rathgael,0,0,0,0,1
95XX23W1,Silverstream,0,0,0,0,1
95XX24S1,Springhill_1,0,0,0,0,1
95XX24S2,Springhill_2,0,0,0,0,1
95XX25W1,Whitehill,0,0,0,0,1
95YY01W1,Beragh,0,0,1,0,0
95YY02W1,Camowen,0,0,0,0,1
95YY03W1,Clanabogan,0,0,0,1,0
95YY04W1,Coolnagard,0,0,0,0,1
95YY05W1,Dergmoney,0,0,0,0,1
95YY06W1,Dromore,0,0,1,0,0
95YY07W1,Drumnakilly,0,0,0,1,0
95YY08W1,Drumquin,1,0,0,0,0
95YY09W1,Drumragh,0,0,0,0,1
95YY10W1,Fairy Water,0,0,1,0,0
95YY11W1,Fintona,0,0,1,0,0
95YY12W1,Gortin,0,0,1,0,0
95YY13S1,Gortrush_1,0,0,0,0,1
95YY13S2,Gortrush_2,0,0,0,1,0
95YY14S1,Killyclogher_1,0,0,0,0,1
95YY14S2,Killyclogher_2,0,0,0,0,1
95YY15S1,Lisanelly_1,0,0,0,0,1
95YY15S2,Lisanelly_2,0,0,0,0,1
95YY16W1,Newtownsaville,0,1,0,0,0
95YY17W1,Owenkillew,0,0,0,0,1
95YY18W1,Sixmilecross,0,1,0,0,0
95YY19W1,Strule,0,0,0,1,0
95YY20W1,Termon,0,0,1,0,0
95YY21W1,Trillick,0,0,0,1,0
95ZZ01W1,Artigarvan,1,0,0,0,0
95ZZ02W1,Ballycolman,1,0,0,0,0
95ZZ03W1,Castlederg,1,0,0,0,0
95ZZ04W1,Clare,1,0,0,0,0
95ZZ05W1,Dunnamanagh,1,0,0,0,0
95ZZ06W1,East,1,0,0,0,0
95ZZ07W1,Finn,1,0,0,0,0
95ZZ08W1,Glenderg,1,0,0,0,0
95ZZ09W1,Newtownstewart,0,1,0,0,0
95ZZ10W1,North,1,0,0,0,0
95ZZ11W1,Plumbridge,0,1,0,0,0
95ZZ12W1,Sion Mills,1,0,0,0,0
95ZZ13W1,Slievekirk,1,0,0,0,0
95ZZ14S1,South_1,1,0,0,0,0
95ZZ14S2,South_2,1,0,0,0,0
95ZZ15W1,Victoria Bridge,1,0,0,0,0
95ZZ16S1,West_1,1,0,0,0,0
95ZZ16S2,West_2,1,0,0,0,0
